sampleID	measurement1	measurement2	measurement3
10-D0AM	31244459.19998970	66240726.21296110	21468915.10541520
10-D10	124971446228.46700	147657087762.4610	58661291490.919200
10-D11	143043915191.2780	215455387258.7450	293199726018.65600
10-D14	72746835530.00650	195094250365.161	69494827730.5755
10-D16	93644844758.60410	116778847248.8910	110718367253.09600
10-D18	57604658958.389200	79849198300.33680	103215068318.63000
10-D1AM	8787440405.903670	15034457656.969500	10812377331.459500
10-D1PM	49758144503.57420	109323703860.9090	112121422711.84900
10-D21AM	130502986978.10500	230374879314.46500	168095797820.3920
10-D21PM	187967460114.66300	195384947867.1710	302999336667.6190
10-D22AM	97459525397.15870	83610873385.77500	116867666912.38700
10-D22PM	44953091758.04080	89373328068.615	80746909001.49540
10-D23AM	31776736531.08500	62190966542.53470	19965360808.410500
10-D23PM	64387754561.79750	110130083918.29800	131946990169.8530
10-D24	71753967749.05780	92923731268.17550	110991350187.97700
10-D25	161542419185.3230	257409482679.2960	288858052198.63000
10-D29AM	170257410309.67100	202570016525.15200	222722460781.86400
10-D29PM	222020633338.73400	446857147004.91000	323145298012.66600
10-D2AM	73858363536.03930	121884763804.29800	153688988537.3760
10-D2PM	134498564739.40000	148701622943.51400	183286745796.24300
10-D30AM	149641930885.95000	302850986505.68900	311775341912.07900
10-D30PM	350208242988.2920	528188627977.7080	394284680456.8520
10-D31AM	390754810531.30100	189299416171.52300	359232401397.28800
10-D31PM	129152913122.57400	251326988905.26000	147992330401.39300
10-D32	495791896583.0840	512647036393.9930	272152058373.93000
10-D33	286801621964.0270	267185339071.3520	208354106250.0160
10-D35AM	349491308254.8290	235032841126.87600	415952609099.2370
10-D35PM	522252912508.0000	215089779815.95600	659377817549.5390
10-D36AM	132201965152.93700	58854866903.050400	186682391232.40600
10-D36PM	140876564510.4760	247516157968.59000	166281536561.178
10-D37AM	165043478391.6080	72975534475.63300	149522304289.59300
10-D37PM	1085912648177.4700	2019930187538.7400	2649231668720.280
10-D38	68891172293.80850	64687738206.55750	84969329855.513
10-D39	47605005867.10420	96272432963.11840	72424731679.9673
10-D3AM	24466886723.56550	35589986699.93270	32560915392.929800
10-D3PM	129136185227.61100	130630228824.94200	82982897306.17800
10-D42AM	59262492409.786500	49634039498.326	48720917739.67470
10-D42PM	30357673195.776500	36992498187.68450	48225640730.37580
10-D43AM	38763462633.90740	36416100619.29570	57808056012.07590
10-D43PM	54523382484.48150	29587640550.642800	41787381183.42680
10-D44AM	45099840901.32060	47835250424.08060	24911898447.970400
10-D44PM	28364496431.707000	51586816497.96310	47423406084.65740
10-D45AM	40224320827.01900	38683869633.21990	56338443423.42320
10-D45PM	14397264598.412000	40514421315.86790	36843020276.770800
10-D46	12639740592.14080	27104862942.408100	26493263214.59200
10-D47	20965239914.087600	38035727774.719400	39270497080.66140
10-D4AM	38545186769.58090	42397507342.39560	67740468784.28390
10-D4PM	35408038145.45120	49415783808.623000	66338830307.49820
10-D5	14261652848.726800	11146950372.815700	21264931634.302700
10-D50AM	38795232057.40030	62218563887.71140	29660248020.09280
10-D50PM	31298115469.86940	42528431805.695	49924756743.76500
10-D51AM	50156234549.25980	53234723274.2328	96632451807.52860
10-D51PM	56382440055.48460	31773865061.46930	43346659442.97910
10-D52AM	60959770593.257400	85621241392.35380	113276222309.87500
10-D52PM	103797513549.45600	60196304368.9803	90217695716.21360
10-D53	65839333748.242800	83715726749.75500	96306705376.92350
10-D54	20087568483.64440	34169595737.725400	39792549028.35820
10-D57AM	61724841877.91770	71979481239.5733	89278449267.79900
10-D57PM	169939938265.67000	309800255466.20200	285168299069.19700
10-D58AM	25185232406.376400	45924525603.4374	30081529492.194600
10-D58PM	11244261885.485900	21830862266.406700	22016044183.68330
10-D59AM	108480084184.05900	123229043429.91300	209260750245.76900
10-D59PM	20396402076.869900	22979243260.70810	33605365447.021200
10-D6	50172004756.9826	87334557808.33080	89720928565.93890
10-D60AM	38276606070.769	119011560038.54600	49011311012.62720
10-D60PM	28877560618.10670	40813022902.566100	41583989753.48750
10-D61	176191826346.9560	214194259520.0610	293990095520.19500
10-D62	190038463801.92000	149598537015.0860	207695979240.7840
10-D63	142204370965.84300	397300901756.4900	303322520374.0620
10-D64AM	69409878379.49120	171641490161.66000	211018608103.99900
10-D64PM	169001891646.09700	130647466879.635	102151084107.77400
10-D7	301360479007.33800	114643473652.03000	345134905757.6020
10-D8	185384119733.05300	272906327865.49500	227370173390.08500
10-D9	174139026605.97100	107588132439.44900	129320936983.619
2-D0AM	8097579.616619410	8536465.8116019	9538355.243706790
2-D0PM	29727973.88554680	56141273.29803760	24364385.02498720
2-D10	41290040113.68630	64235676191.78480	83845565730.19030
2-D11	29813632146.131700	65875384712.51130	50778117903.70230
2-D14	16477705228.695800	71049070088.90060	24988685454.784700
2-D16	36664874854.70680	62378985174.20130	38759987312.76530
2-D18	45232566585.6605	23205043819.98150	23302490408.603700
2-D1AM	151607834065.61500	382576130495.6520	232129633552.0990
2-D1PM	4096267649.934710	10337140648.66280	10365582304.646000
2-D21AM	96172168318.34640	171834286165.96600	94880822923.2862
2-D21PM	205524335505.7950	67550021795.997500	255451308344.61200
2-D22AM	60558362970.23390	131404270275.09600	108060027697.29000
2-D22PM	91639598819.65690	142055911312.30600	138902900190.48400
2-D23AM	43242325772.83690	65089446895.78180	54184122357.55060
2-D23PM	74259662634.1006	116235733670.36200	116350656076.98200
2-D24	143630016587.81500	208415609343.68900	252021284348.3550
2-D25	89980137212.24000	108978701111.47900	140199256911.42000
2-D28AM	55936838438.4806	83114080565.91850	57890100372.0719
2-D28PM	63820889495.675200	96676954233.46790	106023257192.80400
2-D29AM	142962109861.15300	135142386145.22100	344575257204.63900
2-D29PM	220169225575.79900	164956099752.55400	291378910039.1930
2-D2AM	3134399726.476830	7570235003.341430	13617737385.290300
2-D2PM	15867908408.618700	17650644345.766200	23635722122.004700
2-D30AM	339868862734.17300	118287277577.49000	524722802513.7390
2-D30PM	25206515656.455800	16295107582.372700	31571354937.895700
2-D31AM	338301306659.85900	376526767719.62300	486140925607.49100
2-D31PM	138056808192.3320	171631694275.74500	295954087488.3560
2-D32	148534736585.3570	125946712928.2870	161934915760.63700
2-D33	207677495441.8330	318158262068.8740	259373407076.14100
2-D35AM	106485075340.2730	207344906506.62700	227396044411.0430
2-D35PM	136222329854.88300	135568054061.92500	171527608413.36700
2-D36AM	134498186193.02500	110551288334.48900	243686248482.2820
2-D36PM	181893966582.63200	217267383880.46300	306651944680.18100
2-D37AM	33828915998.92720	65197173727.813400	39361520495.54890
2-D37PM	56948032511.98800	101208394204.99400	91948856327.64640
2-D38	81021152717.63620	118406981768.12000	125003359826.74500
2-D39	91848937099.79020	146434727666.10400	138367194661.71100
2-D3AM	11421116251.882200	24200245623.941100	18719856944.424300
2-D3PM	42832166048.32940	57391824083.53470	83134697319.94
2-D42AM	49234505957.061600	107087810892.8840	73994173958.3342
2-D42PM	72178820630.74870	92113076663.31670	87845327232.98650
2-D43AM	15919674580.20940	29030089468.226600	31387176159.217600
2-D43PM	12379777544.748700	12837685830.30780	19963707682.41050
2-D44AM	16698034672.574200	20311933571.899100	21929225514.004800
2-D44PM	17427625601.405500	32965852668.08890	37710572441.037400
2-D45AM	14672546925.145800	14137963828.259800	14249820727.094500
2-D45PM	9901020987.322880	13896822731.418500	12923385124.110000
2-D46	12691494913.133700	16873397206.718900	16128096049.735600
2-D47	31046265445.988400	42387500795.523500	72251364334.10100
2-D4AM	45485919941.93150	67572063847.63980	85021835384.58890
2-D4PM	17691156654.74000	41790281503.75200	40465127119.00450
2-D5	18402114965.198500	29286254282.787400	29679010039.289000
2-D50AM	14073183971.5113	23596253440.269400	23261247384.636700
2-D50PM	8229638304.76992	32901375189.252800	11458743151.443600
2-D51AM	17929365519.00680	26160143175.008300	28461149080.756800
2-D51PM	25913718155.59160	11332185333.828500	30300366379.661700
2-D52AM	6842636329.841780	11864112528.830500	10852917348.47940
2-D52PM	18596443026.497000	59729122085.22420	28187947868.320200
2-D53	41973344114.23070	36769092519.88880	51373046901.74510
2-D54	36985979275.01040	40700420862.12560	55893394625.17330
2-D57AM	109837332975.4150	222684199159.65200	116660842708.86700
2-D57PM	49040509918.286400	69001767007.2125	71415696801.09010
2-D58AM	66646977419.60060	68109926376.133400	67494149251.70490
2-D58PM	65989219216.003700	104329133741.5550	92464815959.99000
2-D59AM	69844309712.4827	93298030323.1181	104705966258.37200
2-D59PM	105897121851.21500	147413703058.7730	152160657098.8800
2-D6	24374766970.704400	21103485853.62690	34415373873.46510
2-D60AM	340071530615.808	105264027095.6740	343602640836.60900
2-D60PM	32607459918.357100	37443749499.74060	45377366315.82810
2-D61	62889636355.17520	82189460771.40130	62415575809.69750
2-D62	145483357093.88000	290359107560.7490	127196413147.86100
2-D63	5752414612.289140	11342357506.673500	11076196619.477700
2-D64AM	70238452837.87730	101239202231.64400	81290975965.31340
2-D64PM	244303816228.65300	307758362432.74700	264478599867.2320
2-D7	63940635036.28190	24028686833.095700	73917832441.17940
2-D8	131202753593.84600	202878593797.37800	111401605701.7030
2-D9	59563252958.998700	136371020165.87500	127689214381.69400
3-D0AM	16306635.44663150	18837859.551817600	52969673.931873400
3-D0PM	2427086251.568200	2657265381.3002700	6204210421.303150
3-D10	39548527671.2441	80474378763.54560	74781247126.59610
3-D11	63216736967.05490	44347783303.20400	78470784932.49050
3-D14	36310643721.6962	79980366037.99710	45859995862.12770
3-D16	67803999238.3832	80553339705.00840	72545148070.50780
3-D18	52293408810.25260	106854586601.09500	64854548610.456300
3-D1AM	55829601178.65870	111450767540.69100	81788041305.54210
3-D1PM	18636078434.841500	27555911728.851600	25163873599.897200
3-D21AM	111232485832.33500	171667922083.21200	185632401563.36700
3-D21PM	55135410586.57300	92044524281.46170	109979107511.34900
3-D22AM	34022161688.611200	63159233425.42080	70237501822.55610
3-D22PM	52215968378.65550	75363523208.65590	72255534132.41690
3-D23AM	22922524953.477200	46544335516.130100	48520970876.80240
3-D23PM	151663545922.3540	70382348071.60910	140622321563.1630
3-D24	89256525135.15500	173649448556.16300	201075489418.33400
3-D25	329993470727.6120	143728740072.95900	342374366790.4890
3-D28AM	79532682289.38450	118388697990.95200	83697317964.11730
3-D29AM	515925902762.97800	413879885172.3350	784458153746.9160
3-D29PM	272174793987.8690	402045089268.7410	417942017842.8790
3-D2AM	9364976956.65973	8018814923.147180	14892071034.688700
3-D2PM	33472811063.068600	40188636011.66550	49860626385.32340
3-D30AM	250067485581.18000	247210693563.42500	487561871710.06000
3-D30PM	67778814569.3378	152200221625.26700	63165742708.60780
3-D31AM	263287315213.63000	332403260841.2820	324993035912.5380
3-D31PM	280634795314.4270	202927737151.01500	196495793261.4220
3-D32	127193454007.84600	218556788073.99000	96798744453.67030
3-D33	136275941022.32300	280962698467.3360	130826405225.09600
3-D35AM	67835565713.76010	89136404951.75560	124275248929.32100
3-D35PM	139880265855.40100	356556365786.15500	328351789020.64
3-D36AM	182855772250.3350	292974511669.1770	302908786324.6460
3-D36PM	204354988157.84900	83166027041.6353	220640824647.8760
3-D37AM	54848680457.631800	38603114700.07820	50562317431.76970
3-D38	47277340086.82740	61964996641.090400	78777643648.67200
3-D39	51842146274.62650	76842491887.34280	84632322912.68870
3-D3AM	8789862274.906070	14272595703.061300	13819714804.030700
3-D3PM	54539167390.64110	153266535336.27800	131886551494.95800
3-D42AM	83377032911.17800	147765962549.85300	96441988582.20170
3-D42PM	80198158181.7277	63666898149.44030	106493416636.18400
3-D43AM	19174521066.766400	45132136822.84850	27079908019.464800
3-D43PM	27310256565.12720	9790780875.401440	38557639516.80610
3-D44AM	21273693001.2417	56174608813.07410	16228488143.40990
3-D44PM	102571037717.01900	113628396689.64300	140026159321.3100
3-D45AM	28556261159.623000	34660935543.3522	39704887606.24310
3-D45PM	26577636530.425400	45905710800.770700	40703964895.04110
3-D46	9967287903.280480	23827311972.5781	11352386147.762200
3-D47	19836330311.1077	46919573275.58600	47837436012.78130
3-D4AM	10620520882.559300	18214007637.75430	12256686354.41070
3-D4PM	48316798165.10250	48357223459.412500	80503283249.93720
3-D5	34542296863.41500	38340355669.219900	41500916623.31310
3-D50AM	9680789489.836520	18170867759.442400	8827443022.649980
3-D50PM	53104521353.73750	91048937417.17290	67362142778.646600
3-D51AM	30225086209.820400	55445539783.30650	78202692168.56270
3-D51PM	10568461765.119800	13510545660.042500	21255242494.551400
3-D52AM	4420050606.866230	6450838206.831030	7189629530.127980
3-D52PM	25123892040.374800	15012157870.6397	24112138557.140400
3-D53	48142541421.79780	91799759092.83180	76649500577.67620
3-D54	45284392140.91710	84462312666.85370	63181778115.33930
3-D57AM	96863642011.9255	239540576290.78700	132333773248.84900
3-D57PM	170161355934.2880	176124713227.96700	218783159347.43400
3-D58AM	138797814935.01200	388014770512.98500	260074788090.6790
3-D58PM	152014815228.50700	229939963588.28500	296971797991.22600
3-D59AM	270827545162.43600	151980918359.95600	250618895925.57200
3-D59PM	47671105860.84960	65744486695.667000	71549702833.16190
3-D6	60289609631.905800	46726905169.57130	62821985652.06400
3-D60AM	117497257805.1510	168504725006.07500	192101188418.4560
3-D60PM	98583752483.48340	127535908233.83600	117938511546.75400
3-D61	93747288143.8248	190328625522.45500	80033347427.40580
3-D62	310024402422.59900	243958772589.47800	427105057120.5410
3-D63	32080195171.851000	50813227798.83630	39196602842.96980
3-D64AM	118309900990.27400	203515393194.6460	186153604410.6560
3-D64PM	128640496190.26100	246767681967.46800	232571202859.4440
3-D7	55552984935.1276	81116391666.52140	85483851883.81630
3-D8	99794370655.84810	167858817180.54000	197577120101.96000
3-D9	66398430002.46060	79537657523.37970	134280447268.02900
4-D0AM	3234545.74142511	6191312.033925610	7706585.867982440
4-D0PM	39501640.120882500	25256051.432128700	88418981.20909780
4-D10	102353644677.42200	155902392892.16200	291146343318.24100
4-D11	47753674879.06550	83301950314.09430	62656949439.549900
4-D14	63508832024.56310	92731729112.76210	69399728530.24610
4-D16	33208488799.6222	45643772606.18210	42375708916.916300
4-D18	38773253675.923600	61890002478.170400	52143630460.60060
4-D1AM	15035314732.03180	29560939680.426000	27436204704.652100
4-D1PM	10286138745.8608	22160616078.95480	23847925595.40610
4-D21AM	25179208584.00920	74769857567.26510	52806169254.54750
4-D21PM	40254881260.498500	56359342569.041300	50940560317.74260
4-D22AM	41416826861.57910	60066753323.399300	82067250607.81530
4-D22PM	39684137266.810400	40454651406.41530	58069771026.6099
4-D23AM	72188010818.36580	130692644727.29800	165969826494.44300
4-D23PM	63835950228.324700	150958501348.33600	88617445514.90910
4-D24	55885857818.26860	93724114544.9638	84694473857.1743
4-D25	81546146975.86320	104904537559.5440	137855196693.73000
4-D28AM	100578499420.58900	150261346412.14900	139639653591.9800
4-D29AM	493590779177.78100	456885584676.69100	505415886006.12000
4-D29PM	152798473306.1450	182881269997.84800	290896351499.703
4-D2AM	14881136911.420700	28600233381.604900	19928204106.959600
4-D2PM	13077607911.272200	12623084950.970300	14801043512.286800
4-D30AM	420584222935.6260	294949555296.86100	635867227489.692
4-D30PM	134951473715.46100	177662500934.70900	243709441467.5430
4-D31AM	250852994609.9800	440409288007.0720	199099775313.36900
4-D31PM	175898320988.189	231735251675.67600	217525234582.1340
4-D32	142625757291.13100	231872927906.93800	216205486887.7180
4-D33	128442058474.7700	106827527804.95200	149325857639.77700
4-D35AM	185587780109.1010	182205674650.4130	212169048807.8300
4-D35PM	129374526627.94900	246773666584.38200	285759118367.36600
4-D36AM	77861359075.88370	139709193426.5690	123303516852.47000
4-D36PM	50430745621.216100	81400221799.1588	114571524287.53900
4-D37AM	153508669410.12300	229618406870.99300	168060670441.37000
4-D37PM	30712533375.853600	46463420175.61230	33575503919.111700
4-D38	145316476243.78900	160530091694.10500	166907455645.28600
4-D39	133498853971.99600	199443095203.4520	120129149114.17000
4-D3AM	18803405926.173200	45422733906.63150	26710490746.790200
4-D3PM	18877013321.021000	34107727704.47590	56477834360.274300
4-D42AM	56396432703.56090	105267344264.90300	64461880381.09830
4-D42PM	186725158830.99600	136578790237.26800	215537472358.56900
4-D43AM	76755290077.43120	29880230153.394200	80590103461.06800
4-D43PM	10789276773.46900	15734448470.539000	16371558974.155900
4-D44AM	22310508540.60610	26193191725.34520	10378964783.342200
4-D44PM	24840434691.426000	22508857571.363500	39985485517.42540
4-D45AM	18250717731.42000	29960318123.094900	8792718112.673180
4-D45PM	49320379833.33760	19054331076.07250	51655041998.818000
4-D46	13646944991.376000	27701452949.729400	29077600418.64930
4-D47	12864039449.042300	19857060889.77660	43766873571.90580
4-D4AM	104499357952.9340	42382158436.65750	99391616966.8987
4-D4PM	25556017680.973400	66893514529.42480	33944271668.809200
4-D5	9549961807.6331	20230793374.890600	20548821765.08820
4-D50AM	14481735374.309600	26209658718.344300	25342325325.077200
4-D50PM	13048880444.516500	35979465570.367000	31788819893.213200
4-D51AM	18013803989.52720	24487565874.18220	26886225318.508500
4-D51PM	26202918982.455700	31840971677.566800	60492526928.224000
4-D52AM	54088804504.36330	21159408233.50290	46774099970.50450
4-D52PM	16044130372.252900	29199498130.3891	16738184882.474500
4-D53	15006289769.319000	30280609833.413000	34110912189.108600
4-D54	50334717894.49050	19727013274.808300	48895593866.90000
4-D57AM	148956159625.04000	91696632165.92970	155862830666.7720
4-D57PM	112114563350.71900	160212539011.3290	173400905706.45400
4-D58AM	77846474908.28450	99298696538.44710	140788350483.934
4-D58PM	62933220558.66800	105202909376.59800	85936997274.9204
4-D59AM	22270402719.365500	45259261670.756200	45746192908.08860
4-D59PM	46414490359.84990	80364682027.6863	137863131389.86500
4-D6	21337215986.14410	33453983627.918800	41584577122.42310
4-D60AM	91908488150.7944	140462024089.0430	84736251816.7973
4-D60PM	55411591533.559200	94722640848.81760	66216319063.83220
4-D61	58984297250.60810	111197859946.2790	59738327468.216100
4-D62	201823339321.40400	163622942041.5280	199105676118.1900
4-D63	28465244246.618800	76653760710.69590	38337520861.6321
4-D64AM	64590185582.05120	113643971631.62900	76372881068.58160
4-D64PM	65127613386.393700	124185054857.81800	69174064682.96640
4-D7	48248300248.30700	69480859054.51120	76968984574.21850
4-D8	12937352947.136400	13096093697.361300	8889158361.505630
4-D9	218493488416.23500	371157613990.2910	264222574157.0840
5-D0AM	33351031.021427700	67423006.31419790	54242119.09207290
5-D0PM	13459412401.385300	16631393060.86090	28172787245.089800
5-D10	33579819136.98170	55148828659.85940	34566831752.77420
5-D11	33396199933.28160	126663845334.38100	52029996946.725900
5-D14	72715198432.62420	26890153122.730500	74614117664.84530
5-D16	34488803075.02120	78434509050.74020	73337317078.44990
5-D18	24657053716.769200	62361979069.47960	40124402702.05090
5-D1AM	43522018667.055900	72076358243.68980	65995131266.85570
5-D1PM	17530945215.070200	36873057918.031400	31526548558.188300
5-D21AM	58869534986.331	81589693410.57660	129666036887.56300
5-D21PM	86548889943.81430	120714316623.20900	115559295037.35200
5-D22AM	66262479720.76940	87548671550.26580	101294063225.33800
5-D22PM	107943549551.1530	114232849505.32700	218243360081.25800
5-D23AM	50902167578.45490	73800022067.37140	65516892650.80630
5-D23PM	99297584729.25300	150744273641.53000	154539754205.2680
5-D24	67251631547.090300	67076539193.37250	92769230452.7225
5-D25	102182118651.12500	62990602504.735000	93715202413.80450
5-D28AM	53236022758.59470	86471523392.53550	73849430074.62490
5-D28PM	131604388401.4500	221778838033.17800	148390062635.30700
5-D29AM	122086783868.39500	473748884840.8390	137269808919.04000
5-D29PM	171299135317.75000	140473026045.60000	231258803464.78000
5-D2AM	25229238547.620600	36623836575.160500	41948879499.191400
5-D2PM	20429162437.523500	41237030074.65820	36660952990.15540
5-D30AM	188691218596.08700	304725887486.1030	254150422340.44300
5-D30PM	185756644700.2200	224457458119.84100	204845992886.34300
5-D31AM	104851907664.21500	58127971812.021900	92657801693.6581
5-D31PM	232276202004.25300	268180662971.89900	366999375619.31700
5-D32	242862600656.18200	271440158539.57600	237556009869.46200
5-D33	138329628745.02700	162994899409.20000	196838867394.3990
5-D35AM	158175668664.71200	87253038649.11060	173408467377.56300
5-D35PM	157070056987.08000	185964404218.26500	115820986847.83800
5-D36AM	148183427449.91100	224815212264.6650	310132426999.9820
5-D36PM	114116045511.13900	212591047536.24200	227996591255.20800
5-D37AM	60472647459.88300	106512351515.87300	83133764232.21100
5-D37PM	192183463747.1500	78707621449.09370	237943056431.7700
5-D38	68054370911.848000	115576000610.85600	124888065111.85000
5-D39	89687717446.45690	135925001442.09200	150047548136.30900
5-D3AM	59342086999.519700	105590374588.62500	79637095243.63370
5-D3PM	154915159110.27600	178652985826.68000	395572909837.06400
5-D42AM	33889860205.3809	62455455846.46350	68739138660.02060
5-D42PM	51420412454.809000	68379725459.34520	77187322819.3069
5-D43AM	15692838968.022500	21867469021.207500	44402058014.466200
5-D43PM	16236442755.079900	27725949064.501200	39465139120.42810
5-D44AM	8036552516.596330	25758695716.57310	8900809219.381500
5-D44PM	43572954971.23650	44544390890.52930	28834735317.021600
5-D45AM	30440009382.125300	14063468734.44860	28017517527.679400
5-D45PM	27871155876.29670	39700816736.39410	40442833708.442100
5-D46	15169928208.92860	35845203354.365200	14530123297.484300
5-D47	25829131095.546200	14379176276.997400	32303761416.341600
5-D4AM	17358299591.33520	25545492362.999700	43499511892.0529
5-D4PM	38673251331.82740	65895561609.53770	37613147946.05350
5-D5	22472169831.90470	13785678969.205500	24994397239.77600
5-D50AM	36875696703.830600	14249895860.760700	49453164234.78270
5-D50PM	43652771551.20440	46296033106.556900	35068233038.496000
5-D51AM	15916338471.63040	9091024681.580800	18636867282.372900
5-D51PM	16176108122.913100	39690892192.89670	39415016569.40090
5-D52AM	10543448733.197500	21310077240.666700	16658981556.77190
5-D52PM	20704900835.63590	44422474438.80600	30161070619.006400
5-D53	12481424096.716600	14137014376.413300	28133837841.58220
5-D54	3367723349.1073500	4332127167.162420	6642643303.669090
5-D57AM	42111271891.54350	57489534196.757800	64072338696.28660
5-D57PM	48594445603.69680	90896970424.9789	102381450206.69400
5-D58AM	114228125696.19200	200929144418.17600	189397494187.99100
5-D58PM	240818365726.20400	300394639826.22700	379738908481.98400
5-D59AM	51234063163.151800	117200297537.33900	106984802414.42500
5-D59PM	113172933841.26100	105818516900.13800	160976916371.09700
5-D6	36009720653.18270	63945938779.72690	85070303503.76310
5-D60AM	54900239765.10690	103708617394.58900	122680732406.53500
5-D60PM	130483779731.79000	72915135752.8864	137552854466.40800
5-D61	91537618935.39250	142633725573.28500	166985088774.4310
5-D62	104562873961.67000	116752263739.72400	155198411808.56700
5-D63	53811568832.190600	59533375547.336200	94474425787.22070
5-D64AM	61864359019.55240	117617965772.19200	113392170529.43300
5-D64PM	56401672660.17510	112417270871.92300	115569496500.53900
5-D7	58510286696.39370	78810305332.19180	35397821057.11160
5-D8	24516193361.57290	54736700180.94690	52844275938.8757
5-D9	50886522819.89010	64139017664.908500	66217177233.93480
6-D0AM	7090394.459211660	19063531.231306700	9145011.966100050
6-D0PM	27493632355.99210	38249805024.67930	46841199846.74080
6-D10	96952911341.46920	160300048733.77600	203962003445.95900
6-D11	155156779404.6990	212049462985.997	248603667327.46200
6-D14	55784726914.28340	86154082443.94870	90212800163.47510
6-D16	102541803008.36400	177242747513.51200	192664438281.27400
6-D18	31844897344.08900	86300076771.27320	56344759453.293500
6-D1AM	4336746535.431500	8576650934.556790	6635881279.361370
6-D1PM	1061309422.1463600	1615512073.3397700	2267917333.2788400
6-D21AM	61917558336.97730	90968995812.63940	115114472044.00600
6-D21PM	46436049645.06880	79123613055.11060	96837439929.13940
6-D22AM	52548011253.20240	52099157715.39250	88302560823.59650
6-D22PM	72883367437.70840	108269081674.60500	168688747967.09800
6-D23AM	32570603739.361600	45522091843.52970	38893188875.698100
6-D23PM	64763882937.223100	130558212869.59800	149139576096.9930
6-D24	53584854196.05640	103108800054.79500	127507127116.78800
6-D25	134893155484.75000	253831136097.3630	214417537970.43400
6-D28AM	114816803324.29800	173533596449.8690	153200635918.7930
6-D28PM	291283678721.64300	313482913680.8100	391597335638.8820
6-D29AM	216363792156.89800	361169364311.1190	415200918738.5300
6-D29PM	94694749505.24180	133314522014.53400	91163944664.7262
6-D2AM	35124328279.935900	34232580070.034200	38321841099.36260
6-D2PM	14130758434.72050	26593969831.8713	25543020456.55520
6-D30AM	402326582701.1740	375467102734.97100	318081285530.8290
6-D30PM	129535105985.11100	234510311237.5580	233703562820.67200
6-D31AM	170507674018.25200	259616337495.3820	256369780838.8800
6-D31PM	334124582718.62700	448551408139.9260	446745457682.45800
6-D32	60861993764.665400	80274577704.90140	77937924884.88440
6-D33	104633651688.43100	120212460752.65800	169043282949.99900
6-D35AM	84094744527.62210	162840639575.79400	89871969051.32650
6-D35PM	50363094942.22740	77086508867.10030	111084105358.93500
6-D36AM	413804253723.50900	469485391818.7820	504021571240.12200
6-D36PM	548357173501.7400	718175396030.9940	1003933365208.5500
6-D37AM	82828645068.23660	172076227423.86700	128257528728.10300
6-D37PM	41455204453.12920	89565189390.97060	94052644136.7645
6-D38	51966160036.52680	33456145116.494200	74807182657.50810
6-D39	32871937625.74160	44089321824.2341	42088802895.90770
6-D3AM	24635347552.326000	33921004416.142300	61128051102.839
6-D3PM	22434193428.87500	55110056016.849000	54778890935.16320
6-D42AM	58343502432.97370	76560719401.77440	112535789376.3910
6-D42PM	24987660528.51770	46046427233.58140	47449079881.20730
6-D43AM	63366942198.73190	57157841945.42840	91595088066.02360
6-D43PM	13412698455.046000	23469134419.093200	23223784244.814300
6-D44AM	14100478234.342800	7971999017.815240	12556029185.157400
6-D44PM	50504848306.95610	74641049162.32490	97721002142.09920
6-D45AM	8113538696.780620	12955534937.987100	19415982650.50180
6-D45PM	11511957960.8275	22438696581.658700	27667808233.120300
6-D46	10188650126.844700	16447974217.657200	19054448250.544600
6-D47	16293313654.044100	9045748167.124610	20774197540.246800
6-D4AM	58849849267.46280	65810748033.003400	92851525803.99420
6-D4PM	137162401791.10300	81687811876.03510	144509237172.43200
6-D5	27303821391.01680	12184844723.60390	28927129233.43730
6-D50AM	29029424105.634000	45389378094.73730	54221289947.91330
6-D50PM	10850491838.701400	21951462868.05780	24474711272.346300
6-D51AM	24396696081.611700	15740545546.98760	21519797371.499900
6-D51PM	60468879193.076200	20227294896.869800	60826339011.736700
6-D52AM	18840054639.093000	26664468128.14880	22220072482.226300
6-D52PM	13386954900.123500	27103756492.25390	36099320039.15340
6-D53	36774941506.25210	50782400625.386200	64507795870.31840
6-D54	6954557943.320570	8248168007.551920	16315421910.591500
6-D57AM	56322125935.006	115851976490.21300	131827763905.36900
6-D57PM	61474766317.68360	93890804505.90300	84715236950.52560
6-D58AM	20664572982.96160	40819905502.40990	55576436686.27170
6-D58PM	56073086025.38980	98459361739.5358	88782640258.09930
6-D59AM	15496830327.468500	29525037337.916400	36856263872.901500
6-D59PM	15705573203.329000	22520114923.49880	24789440418.338500
6-D6	27700214651.329700	61855275603.11280	30358145759.08900
6-D60AM	31121911262.759600	44384368361.96030	45557376465.46740
6-D60PM	32320165279.61740	44826803605.7326	44270489671.17110
6-D61	39407667716.68810	68633425814.99690	81002362757.59020
6-D62	119672054814.6200	161756804209.3600	94161559521.23360
6-D63	23835105474.66350	73943646248.55870	71845770797.36530
6-D64AM	33263030277.095400	68596276281.36340	81900160386.86710
6-D64PM	74998626063.08280	19140287010.776600	64566416496.56590
6-D7	74566910037.30480	120366794784.21300	110955973381.13800
6-D8	43481725815.186800	105112850463.2470	103570976636.7580
6-D9	122774266497.32700	230273188508.14700	160132809765.88400
7-D0AM	20983963.19043120	31457269.556771200	29095617.260647800
7-D0PM	8180634658.688500	8757252391.768680	12953320354.289500
7-D10	164848974661.6800	189196259744.07500	204406082511.92200
7-D11	40002906868.143400	62040483303.11130	97420270739.62180
7-D14	59225864311.662600	101071120519.54900	108485852373.04400
7-D16	59084388484.55480	125641144702.59200	85201095119.24450
7-D18	65079245823.33710	113535454543.69700	134382046212.66900
7-D1AM	48199686569.80170	52602905288.93630	60759581869.10530
7-D1PM	197296004849.2920	273620617683.3660	184872533308.85200
7-D21AM	164917770233.4730	168763056859.36400	221016777409.75600
7-D21PM	66276337571.765300	83005266560.64850	165661271729.57400
7-D22AM	65418585561.24990	139471508699.2280	123566854646.33500
7-D22PM	58575398354.23410	77546483007.13410	81741737042.27960
7-D23AM	141898279328.01000	188043153796.9130	258180300890.59600
7-D23PM	68284663287.540900	139726948382.67200	133306989118.40800
7-D24	98615455170.88070	131151872695.01600	141754766268.03500
7-D25	155712734175.09300	219057341233.1210	191444686734.6190
7-D28AM	52887478224.51520	129634355465.2360	38321319707.120700
7-D28PM	422821101714.0350	599327337592.4350	536734358566.5780
7-D29AM	225328482269.0080	442155826040.3840	567324597785.6800
7-D29PM	265324296711.94100	215679763578.09400	366862173206.0350
7-D2AM	2589441110.643520	3623034953.927830	3280450864.4269300
7-D2PM	19829603236.898300	31531182217.156200	42241006433.13330
7-D30AM	77971027675.9811	173284368483.66300	300788622557.1930
7-D30PM	171511385630.10700	143209334343.54900	191643118091.3610
7-D31AM	471532462784.57500	458085798320.0710	290862981355.4950
7-D31PM	649951840207.0670	918999931636.7470	898903378393.85
7-D32	229145571186.5650	265161784854.91100	160451864437.7600
7-D33	141008446492.93400	152483241613.50600	204980099727.96200
7-D35AM	119884735667.87000	190311484940.6180	229476142100.4280
7-D35PM	11395789800.134200	23796549363.920500	28405470591.75570
7-D36AM	233063732961.14800	243116268667.01500	331900800335.4620
7-D36PM	406873758004.3840	352145252892.5640	563391838926.4620
7-D37AM	118031723302.13400	74461807757.74330	95835049731.98430
7-D37PM	52444114751.81040	111536940144.53400	115216133310.80700
7-D38	35148008267.93180	44228010454.16130	64438171663.6356
7-D39	55409646423.448900	99368190765.5695	116256586349.09100
7-D3AM	10946482311.09660	21746698510.260700	18981141709.782600
7-D3PM	19361509194.19010	32039708437.1781	54491267308.9555
7-D42AM	62647045024.063100	150527394055.7050	71035753966.05720
7-D42PM	27680907007.048500	47807297244.12580	73291822019.2764
7-D43AM	38708480216.97930	36452479462.008500	62408470384.767600
7-D43PM	5772606103.200690	13989814412.266300	18098434322.126300
7-D44AM	28819777221.602100	40823752485.45370	43374834693.302100
7-D44PM	23325117304.710600	20428184296.906600	48888218328.557500
7-D45AM	21752596427.041800	19336210408.96850	29981047322.178400
7-D45PM	25747284666.187400	16301997692.929700	29677582904.04990
7-D46	9351300900.981020	16881905730.871600	22862167536.605100
7-D47	16894798330.22740	46962118331.67070	25426277171.400400
7-D4AM	23195960348.81300	21689526552.117900	28181795762.070900
7-D4PM	32867311337.640500	48800697380.78930	59786242756.64660
7-D5	54869398392.19180	63435443132.166900	89981573217.29620
7-D50AM	35978763068.902000	44266676277.05500	62475816369.73760
7-D50PM	21117068027.79850	74162360500.82910	31596212667.359600
7-D51AM	17823621872.251300	25780550052.189600	36258775498.49560
7-D51PM	64333079040.37170	58942732716.1006	52614346930.67370
7-D52AM	32957824425.55160	142994452041.35400	40583422152.804700
7-D52PM	22527038570.147700	52511364672.949500	58870620278.29830
7-D53	46761489268.11980	59700862826.44250	21169451917.62550
7-D54	17236937188.852900	30209629376.467500	37057172593.86020
7-D57AM	119578520352.17000	186620497328.83900	301739557712.8960
7-D58AM	79260815797.4774	140889616217.4190	137086899569.12500
7-D58PM	35391752767.63270	48767456132.9961	52327113454.21210
7-D59AM	35657318343.811600	55885638421.83850	57785845699.39600
7-D59PM	68089272866.68340	36322686681.01600	74336115138.07210
7-D6	61296626359.18080	114103017845.67300	76228502754.41450
7-D60AM	68859178682.47680	53518253903.806800	91034045957.69180
7-D60PM	87810002498.20710	91695090205.89530	125735649153.79600
7-D61	20943034678.70960	36547018209.13870	44416045487.48990
7-D62	22572226670.901000	39232447793.9489	57687116474.75280
7-D63	71936082041.47410	128007331830.71600	127772906537.58500
7-D64AM	5148949149.001280	12051852491.808400	11359829666.044100
7-D64PM	88671239199.41980	90156933342.07410	131925982969.74900
7-D7	159961120730.7830	68970229950.87740	126490528660.72000
7-D8	141699096262.60900	249270084581.09400	182027358910.57400
7-D9	53169131145.6187	35603991815.04280	130319379556.56800
8-D0AM	4590851.225968290	14729517.172592500	6405129.508864440
8-D0PM	12234076335.487700	13780188157.719100	20840518508.789200
8-D10	51884984948.4248	72719119013.42350	82459501896.11260
8-D11	150530264362.36700	326310286094.9640	103722959157.37200
8-D14	56748995713.15080	123124804264.76700	121139826885.06600
8-D16	69228697300.51220	39944842119.550400	55614083413.115000
8-D18	123294431770.77300	216928200084.3850	229218746586.36200
8-D1AM	21186229587.39540	30204752930.609100	21084846692.47210
8-D1PM	13696853823.690900	27147436265.803800	36969086015.73220
8-D21AM	27809687569.551500	51362341480.81170	36217137933.53550
8-D21PM	543815429323.58000	376386096816.4290	588291269110.0030
8-D22AM	115771055654.33000	165339937979.40000	149086894041.9880
8-D22PM	85183281864.68860	58290892567.34130	82189779627.6718
8-D23AM	51587884127.15870	80080696329.72090	56185487895.608800
8-D23PM	59140971374.01160	115338120259.03300	128103178790.36200
8-D24	128054188104.45000	203474523518.27800	214224908044.3370
8-D25	195480723076.85500	385784088851.42600	128984256495.13900
8-D28AM	89769314089.37870	35944874994.21600	69937578973.87160
8-D28PM	554069281078.3730	488570111568.5590	467767975858.0590
8-D29AM	273437349738.54000	396561071841.30700	200319827870.88400
8-D29PM	129716632398.674	58087476433.76510	129522074596.13300
8-D2AM	53110678752.539400	81419519241.03740	44971900034.71990
8-D2PM	23008658615.761700	24764147524.19810	34809785730.10710
8-D30AM	167929937292.13100	262269965433.00900	289473278712.8300
8-D30PM	47294517231.6808	124461392109.58300	112367572937.56900
8-D31AM	418963503320.68400	576162876670.0690	595768755824.1320
8-D31PM	417397100190.05100	391183289432.89000	366615099123.276
8-D32	6331310995.344950	11098058221.637400	5219041483.287890
8-D33	40724840397.11080	45141389614.56640	43864313922.623300
8-D35AM	140037241062.26000	170920055698.28800	220106681551.09000
8-D35PM	83695111093.49240	111256886192.65900	154561505254.30400
8-D36AM	116579472091.35200	138432374831.0780	192525428309.11700
8-D36PM	193156453021.1290	305051289570.5800	246533464058.71000
8-D37AM	49775639399.70540	110662692473.38900	47915056520.13040
8-D37PM	49268067090.83120	40794676937.785100	90021094957.55100
8-D38	99981890984.50010	43866089832.66440	107105288821.99600
8-D39	88990049133.09730	130777463546.72100	128533073787.17000
8-D3AM	30176078096.60880	31010144795.66560	56118006311.13080
8-D3PM	6044545437.871950	11492310348.320300	14639425692.9983
8-D42AM	76393644045.0135	75375975497.349	47131022586.46260
8-D42PM	27482292386.82980	33089165614.277900	48212430540.4523
8-D43AM	16199577653.667800	16158154322.25530	31498002319.42550
8-D43PM	17660560097.746500	15364304584.595800	4014851754.2072600
8-D44AM	25437554384.57970	44011316884.41260	48999043813.189000
8-D44PM	32387571825.95810	10991034411.096700	29251434411.725600
8-D45AM	13135005745.951800	9833450257.796840	17517772387.188600
8-D45PM	48794259320.18740	60667426025.75580	56147147983.84760
8-D46	13309132590.01930	7494205774.434780	13381107822.090800
8-D47	31652077153.655700	37082552481.10860	29707309306.07560
8-D4AM	21629751804.884600	27447934413.99360	33763761830.811500
8-D4PM	24215888604.327000	39092089685.88260	52092437390.08460
8-D5	12661649823.862000	21244111328.76820	28003942280.828500
8-D50AM	34226815803.75820	50521912007.42570	78129917576.93090
8-D50PM	47838251708.9684	35427738889.44370	50549238467.54140
8-D51AM	29130141628.725800	35149468386.45010	47823824239.5765
8-D51PM	70095829118.0824	86280519277.45420	38537018246.983
8-D52AM	61493065605.22890	89195628411.59070	109991649916.48100
8-D52PM	42247733500.07450	120773900446.97000	30921034905.722300
8-D53	19177377549.58560	35123286171.02480	17067926733.385800
8-D54	13360597013.165500	31830932273.457100	21852649608.235000
8-D57AM	69839661692.43080	117907156708.68300	152093549406.74800
8-D57PM	25377493858.11300	28353930830.823600	40991058938.38280
8-D58AM	36771022576.860800	46828406813.73250	41969841320.665700
8-D58PM	115331855718.3000	65110381614.14560	152757546877.43400
8-D59AM	86404583812.83070	75331883526.36690	104298304993.12900
8-D59PM	109028332752.39900	61628688858.52580	113470641858.23700
8-D6	33342670053.825100	49075680818.431000	71438024268.22500
8-D60AM	37904888259.68490	64343474826.12260	53302371514.67130
8-D60PM	144032649262.6790	163947257279.9530	71523669187.93760
8-D61	80764354790.4922	58480758692.87920	35262285042.06460
8-D62	71188028020.741	34973897499.300100	62152967010.545200
8-D63	24931459935.185200	51934617487.26660	59225563495.692600
8-D64AM	39199863671.20100	19117036050.28200	43320360925.89270
8-D64PM	70260896517.34090	137247493566.7200	155329482720.77700
8-D7	50021451878.2537	83056844696.9857	49135016051.16950
8-D8	95918033044.46890	204097700229.2670	57442604871.64630
8-D9	46438410405.457	60341607449.314100	97551920419.66090
9-D0AM	7158224.750443060	21449824.459478900	7026214.740282830
9-D0PM	3658018012.233920	4401767026.0163800	6461105215.63932
9-D10	49712731303.41690	44487103665.38670	93677701388.94270
9-D11	113883854922.35900	165061713118.07900	172115819542.88600
9-D14	34610659773.19140	68176888383.521800	57735749474.7951
9-D16	190138405945.528	380738445081.46000	384925571597.91800
9-D18	58489319511.176400	33534528846.18320	51178019434.843900
9-D1AM	10219591800.630300	17298510993.80040	15135030124.442700
9-D1PM	30688485795.359300	75944511633.95220	67745485625.7993
9-D21AM	20259352852.794600	49512832532.537300	61927375164.26510
9-D21PM	36600111750.13020	41683959136.728500	83863119329.91310
9-D22AM	142925558600.9330	115312626161.36400	190845683342.8290
9-D22PM	135497369385.97700	197380273642.136	236880701033.76800
9-D23AM	85655636034.03230	140827099845.51100	122218590991.03400
9-D23PM	55596892659.88460	43099394998.418000	65319829110.15180
9-D24	312925015886.26200	333915062336.2970	415706413625.74200
9-D25	139077192446.47100	244608967324.43800	161727470015.44000
9-D28AM	90053067330.82360	178896137959.1420	174377172811.09800
9-D28PM	535225254406.9570	260644391139.55600	637507646630.8120
9-D29AM	290041789141.00500	491864610125.8330	495258045296.0530
9-D29PM	395362169165.04200	133900824496.76600	311652522456.7350
9-D2AM	91510931387.80510	84931839697.7083	137930620343.7860
9-D2PM	106107139752.50200	140716599955.81800	150574862186.67500
9-D30AM	108921202465.69000	224113332808.5780	300428658825.8320
9-D30PM	552931724965.8200	749672357025.2660	889904898583.7560
9-D31AM	285466584544.59900	483258808074.13700	477242305950.11900
9-D31PM	403045690768.7130	376389311988.04300	558644049077.5990
9-D32	284133165348.352	263516642988.0860	93215746101.29960
9-D33	2423656824.2983800	3265885035.7990800	3454461016.3599200
9-D35AM	184617090212.553	238247720917.93100	257038697058.90400
9-D35PM	335733985878.2120	268954025762.8510	273822063132.42800
9-D36AM	57195845593.12380	52098113607.04130	77019924373.80460
9-D36PM	55139414234.59220	56861408156.99730	67346171356.50880
9-D37AM	57766274044.12650	89741797788.07340	91742354939.63450
9-D37PM	148114604313.41400	49292610081.52580	142628048734.39600
9-D38	47962804976.53300	65648298109.243500	78066231662.3748
9-D39	100136144037.40200	67961133717.26080	102204704880.76700
9-D3AM	23402444636.650300	55408687039.710000	4816661.298287000
9-D3PM	29458061286.53430	73134183764.79710	40253319006.793300
9-D42AM	88498792687.73440	44950938141.74950	85958279116.68450
9-D42PM	19426491104.244500	41398805389.51700	36711865368.976
9-D43AM	29661145688.985500	31134115726.097200	58493770123.638500
9-D43PM	23288214495.184900	30586446536.874500	20798124393.337100
9-D44AM	14054047370.360100	25220714278.959400	42609024465.33490
9-D44PM	37537364961.56040	65040376925.83450	40292213014.97000
9-D45AM	10283087771.592000	13256480521.68100	18179893823.882000
9-D45PM	20368268664.948900	33629914057.640100	38972265346.33870
9-D46	15126982476.649000	45020119589.50450	11823193177.625500
9-D47	29466032112.18550	41644976282.07360	46492955874.93720
9-D4AM	149413905920.4740	302446539338.0060	311674936139.795
9-D4PM	18012148690.081600	30228639546.848800	34388131949.57260
9-D5	30734333983.709300	33549094666.639700	38046880203.1122
9-D50AM	11566747466.714	24702901792.285200	37372246439.554900
9-D50PM	109595747932.97700	55216647820.13540	109825076714.02400
9-D51AM	26906727149.690200	27640086843.852300	37902643718.38270
9-D51PM	30761180414.233000	17545391326.468800	32112390139.509100
9-D52AM	27485086898.89140	66390556294.63240	92554718051.7722
9-D52PM	25831809925.910200	48763815025.97340	45343535321.867300
9-D53	43507096703.29780	29496746468.553600	65783529004.72180
9-D54	18260951105.812000	41187383003.90960	19004565978.350000
9-D57AM	54291035862.54280	61176708091.82080	100158709669.75500
9-D57PM	43595265606.877200	59436004259.09940	65480808037.07430
9-D58AM	79327186796.43240	123661472719.94500	110202692747.68500
9-D58PM	90169261607.30400	188211482267.91700	175440912464.65000
9-D59AM	233469413098.00800	419108034371.45000	517257788554.8110
9-D59PM	37660301256.427700	49081483893.60200	54668725438.72370
9-D6	15905122488.2172	34012866726.796500	31215795076.645800
9-D60AM	25129291236.366600	40207924468.07420	28553968934.582100
9-D60PM	51081856131.02400	70308806930.14220	72828511293.51370
9-D61	19593574400.745800	36556826497.27740	14135261662.83300
9-D62	61308994550.396500	72297899161.64320	81595279033.86650
9-D63	78681462015.3667	130023486107.79900	133458183204.8470
9-D64AM	117222857932.2450	106131302702.25900	123916245213.55500
9-D64PM	74201356754.30880	141438695999.35700	71974468747.65950
9-D7	64644365068.27260	115208660497.48000	53596686887.42160
9-D8	44197812061.081400	94556379048.02220	93106055855.15200
9-D9	108596993343.11500	124797859755.00000	137879692263.36200